mkt_share,o_year
0.040476312630733056,1995.0
0.03989463165334406,1996.0
