mkt_share,o_year
0.041874422956469405,1995.0
0.039832004340965683,1996.0
