avg1,avg2,avg3,sum1
31.077188802858846,2358.3295605050025,2145.1986738949126,18004652.47
