b1_cnt,b1_cntd,b1_lp,b2_cnt,b2_cntd,b2_lp,b3_cnt,b3_cntd,b3_lp,b4_cnt,b4_cntd,b4_lp,b5_cnt,b5_cntd,b5_lp,b6_cnt,b6_cntd,b6_lp
27532367,5514,28.350787398700593,33534291,6678,50.88101500282204,28422657,8101,69.44967367864307,35395781,8807,60.89465182192194,36220845,9879,69.97284890675522,34776004,16188,79.95392653940344
