bucket1,bucket2,bucket3,bucket4,bucket5
795.3024190155077,2310.1953591829565,3824.956188344278,5340.312200549104,6855.112893153789
