mkt_share,o_year
0.04004215629014166,1995.0
0.04024045213406753,1996.0
