avg1,avg2,avg3,sum1
30.955773955773957,2362.6005405405404,2146.5452825552825,1747287.86
