b1_cnt,b1_cntd,b1_lp,b2_cnt,b2_cntd,b2_lp,b3_cnt,b3_cntd,b3_lp,b4_cnt,b4_cntd,b4_lp,b5_cnt,b5_cntd,b5_lp,b6_cnt,b6_cntd,b6_lp
2755960,5514,28.352733584667412,3353585,6678,50.89007900500509,2842109,8101,69.43470423899998,3538143,7655,60.89574987217871,3620816,9879,69.98483116789144,3478153,15794,79.94099483547734
