bucket1,bucket2,bucket3,bucket4,bucket5
795.3270739897278,2310.158942775357,3824.9045828279986,5340.606965784541,6855.039069165491
