avg1,avg2,avg3,sum1
33.23076923076923,2468.016813186813,2288.7431868131866,208275.63
