b1_cnt,b1_cntd,b1_lp,b2_cnt,b2_cntd,b2_lp,b3_cnt,b3_cntd,b3_lp,b4_cnt,b4_cntd,b4_lp,b5_cnt,b5_cntd,b5_lp,b6_cnt,b6_cntd,b6_lp
276750,5493,28.30421308039747,335401,6623,50.86799610019052,284959,8067,69.36819388052317,353056,7113,60.88668942037524,362581,9834,70.05805072521726,348269,11697,79.91556196503278
