average,cs_dev,cs_item_rev,item_id,ss_dev,ss_item_rev,ws_dev,ws_item_rev
546.87,104.13443780057418,569.48,AAAAAAAAAJJBAAAA,98.14581161884908,536.73,97.71975058057674,534.4
1331.3566666666666,100.63419018695215,1339.8,AAAAAAAABMNLAAAA,99.79820083273452,1328.67,99.56760898031331,1325.6
845.9733333333334,101.59894716933552,859.5,AAAAAAAACDODAAAA,98.61540158870255,834.26,99.78565124196192,844.16
5807.76,103.73620810777305,6024.75,AAAAAAAACGNIAAAA,96.08609859911567,5580.45,100.17769329311129,5818.08
422.06333333333333,97.23659166475805,410.4,AAAAAAAAILDNAAAA,99.19127461123529,418.65,103.57213372400668,437.14
4733.856666666667,102.36135863851673,4845.64,AAAAAAAAKKNFAAAA,94.69931845563553,4482.93,102.93932290584773,4873.0
3322.3033333333333,100.06762376704515,3324.55,AAAAAAAAPFKKAAAA,100.33280123930085,3333.36,99.599574993654,3309.0
