bucket1,bucket2,bucket3,bucket4,bucket5
16.08379772644532,46.74796774056075,77.46718827460397,108.14355568218852,138.6585284473124
