mkt_share,o_year
0.04019818546016385,1995.0
0.039878390956096015,1996.0
